areaCode,areaName,areaType,date,newPCRTestsByPublishDate,newPillarOneTestsByPublishDate,newPillarOneTwoTestsByPublishDate,newPillarTwoTestsByPublishDate,newVirusTests
E92000001,England,nation,2021-07-20,336800,77491,817248,739757,817248
E92000001,England,nation,2021-07-19,294628,67301,1026421,959120,1026421
E92000001,England,nation,2021-07-18,247570,51378,966372,914994,966372
E92000001,England,nation,2021-07-17,348213,52769,725503,672734,725503
E92000001,England,nation,2021-07-16,374228,64017,917854,853837,917854
E92000001,England,nation,2021-07-15,380469,64801,1100634,1035833,1100634
E92000001,England,nation,2021-07-14,346102,79315,1127465,1048150,1127465
E92000001,England,nation,2021-07-13,334563,81449,857828,776379,857828
E92000001,England,nation,2021-07-12,257362,68356,1010869,942513,1010869
E92000001,England,nation,2021-07-11,290044,51393,1048633,997240,1048633
E92000001,England,nation,2021-07-10,331885,61984,694488,632504,694488
E92000001,England,nation,2021-07-09,336195,68659,841168,772509,841168
E92000001,England,nation,2021-07-08,327216,73310,1023344,950034,1023344
E92000001,England,nation,2021-07-07,345052,82777,1146270,1063493,1146270
E92000001,England,nation,2021-07-06,326368,80601,890600,809999,890600
E92000001,England,nation,2021-07-05,259960,73066,1096237,1023171,1096237
E92000001,England,nation,2021-07-04,278549,60551,1195011,1134460,1195011
E92000001,England,nation,2021-07-03,285238,65322,602340,537018,602340
E92000001,England,nation,2021-07-02,314919,71021,793495,722474,793495
E92000001,England,nation,2021-07-01,328563,72876,1034592,961716,1034592
E92000001,England,nation,2021-06-30,343350,74016,1162386,1088370,1162386
E92000001,England,nation,2021-06-29,306832,82813,805657,722844,805657
E92000001,England,nation,2021-06-28,207364,69412,1031845,962433,1031845
E92000001,England,nation,2021-06-27,242211,57625,1142493,1084868,1142493
E92000001,England,nation,2021-06-26,286148,63221,566239,503018,566239
E92000001,England,nation,2021-06-25,311946,69224,775080,705856,775080
E92000001,England,nation,2021-06-24,307749,70219,996413,926194,996413
E92000001,England,nation,2021-06-23,297761,77492,1074717,997225,1074717
E92000001,England,nation,2021-06-22,287604,84845,749282,664437,749282
E92000001,England,nation,2021-06-21,199594,72729,968510,895781,968510
E92000001,England,nation,2021-06-20,207254,56734,1082429,1025695,1082429
E92000001,England,nation,2021-06-19,280982,64826,544731,479905,544731
E92000001,England,nation,2021-06-18,283215,70094,721460,651366,721460
E92000001,England,nation,2021-06-17,289399,71651,968533,896882,968533
E92000001,England,nation,2021-06-16,284800,82758,1030988,948230,1030988
E92000001,England,nation,2021-06-15,269253,86485,711915,625430,711915
E92000001,England,nation,2021-06-14,127128,63544,885834,822290,885834
E92000001,England,nation,2021-06-13,179220,54562,997423,942861,997423
E92000001,England,nation,2021-06-12,243118,63314,489212,425898,489212
E92000001,England,nation,2021-06-11,263772,67219,679849,612630,679849
E92000001,England,nation,2021-06-10,266534,66422,874864,808442,874864
E92000001,England,nation,2021-06-09,257189,76907,1008279,931372,1008279
E92000001,England,nation,2021-06-08,249500,76364,651050,574686,651050
E92000001,England,nation,2021-06-07,157994,68429,887887,819458,887887
E92000001,England,nation,2021-06-06,163733,58992,1186643,1127651,1186643
E92000001,England,nation,2021-06-05,214656,64877,444306,379429,444306
E92000001,England,nation,2021-06-04,230097,63005,601947,538942,601947
E92000001,England,nation,2021-06-03,242923,62569,735907,673338,735907
E92000001,England,nation,2021-06-02,241925,72127,782992,710865,782992
E92000001,England,nation,2021-06-01,161299,69295,606372,537077,606372
E92000001,England,nation,2021-05-31,106953,51759,559911,508152,559911
E92000001,England,nation,2021-05-30,134809,53553,568894,515341,568894
E92000001,England,nation,2021-05-29,216514,53683,442733,389050,442733
E92000001,England,nation,2021-05-28,227054,62102,609606,547504,609606
E92000001,England,nation,2021-05-27,261437,64079,884642,820563,884642
E92000001,England,nation,2021-05-26,260113,78223,1053788,975565,1053788
E92000001,England,nation,2021-05-25,252641,83955,680550,596595,680550
E92000001,England,nation,2021-05-24,134913,73193,901677,828484,901677
E92000001,England,nation,2021-05-23,141849,56643,1112796,1056153,1112796
E92000001,England,nation,2021-05-22,217701,65333,457936,392603,457936
E92000001,England,nation,2021-05-21,249510,68603,657609,589006,657609
E92000001,England,nation,2021-05-20,227532,66086,920249,854163,920249
E92000001,England,nation,2021-05-19,262431,80410,1109541,1029131,1109541
E92000001,England,nation,2021-05-18,242254,81372,673710,592338,673710
E92000001,England,nation,2021-05-17,117361,65350,926722,861372,926722
E92000001,England,nation,2021-05-16,130079,56200,1035121,978921,1035121
E92000001,England,nation,2021-05-15,215215,65468,419477,354009,419477
E92000001,England,nation,2021-05-14,229119,65479,621761,556282,621761
E92000001,England,nation,2021-05-13,234090,68508,926525,858017,926525
E92000001,England,nation,2021-05-12,248982,76045,1107373,1031328,1107373
E92000001,England,nation,2021-05-11,245013,82560,657997,575437,657997
E92000001,England,nation,2021-05-10,115752,69450,916434,846984,916434
E92000001,England,nation,2021-05-09,159089,59748,1265066,1205318,1265066
E92000001,England,nation,2021-05-08,235911,67109,457585,390476,457585
E92000001,England,nation,2021-05-07,241796,70721,646309,575588,646309
E92000001,England,nation,2021-05-06,267394,67717,1005479,937762,1005479
E92000001,England,nation,2021-05-05,252818,78446,1142546,1064100,1142546
E92000001,England,nation,2021-05-04,162491,77477,811020,733543,811020
E92000001,England,nation,2021-05-03,102171,57938,1032732,974794,1032732
E92000001,England,nation,2021-05-02,136617,55286,780698,725412,780698
E92000001,England,nation,2021-05-01,222804,54994,449506,394512,449506
E92000001,England,nation,2021-04-30,216073,68227,608932,540705,608932
E92000001,England,nation,2021-04-29,246949,70265,1001097,930832,1001097
E92000001,England,nation,2021-04-28,265823,82249,1281454,1199205,1281454
E92000001,England,nation,2021-04-27,226477,80217,670420,590203,670420
E92000001,England,nation,2021-04-26,122230,65852,980000,914148,980000
E92000001,England,nation,2021-04-25,152635,59818,1413726,1353908,1413726
E92000001,England,nation,2021-04-24,228804,68524,455765,387241,455765
E92000001,England,nation,2021-04-23,254396,70329,658164,587835,658164
E92000001,England,nation,2021-04-22,246064,66541,1034669,968128,1034669
E92000001,England,nation,2021-04-21,261960,77286,1302469,1225183,1302469
E92000001,England,nation,2021-04-20,232309,85658,674191,588533,674191
E92000001,England,nation,2021-04-19,120299,69608,997231,927623,997231
E92000001,England,nation,2021-04-18,153473,54207,1631082,1576875,1631082
E92000001,England,nation,2021-04-17,241684,59684,459647,399963,459647
E92000001,England,nation,2021-04-16,231551,65479,629428,563949,629428
E92000001,England,nation,2021-04-15,231898,63093,934678,871585,934678
E92000001,England,nation,2021-04-14,233499,71188,1093325,1022137,1093325
E92000001,England,nation,2021-04-13,222983,83982,630217,546235,630217
E92000001,England,nation,2021-04-12,107387,62161,832682,770521,832682
E92000001,England,nation,2021-04-11,133952,54404,1177484,1123080,1177484
E92000001,England,nation,2021-04-10,233955,66404,441297,374893,441297
E92000001,England,nation,2021-04-09,252047,67930,614026,546096,614026
E92000001,England,nation,2021-04-08,262301,70153,870025,799872,870025
E92000001,England,nation,2021-04-07,236576,69063,974282,905219,974282
E92000001,England,nation,2021-04-06,155673,71360,585727,514367,585727
E92000001,England,nation,2021-04-05,97141,56761,710099,653338,710099
E92000001,England,nation,2021-04-04,135003,56233,785101,728868,785101
E92000001,England,nation,2021-04-03,165177,48357,354516,306159,354516
E92000001,England,nation,2021-04-02,245327,49683,516032,466349,516032
E92000001,England,nation,2021-04-01,242675,66658,892005,825347,892005
E92000001,England,nation,2021-03-31,236652,65059,1192302,1127243,1192302
E92000001,England,nation,2021-03-30,253598,78543,640232,561689,640232
E92000001,England,nation,2021-03-29,119633,65942,924324,858382,924324
E92000001,England,nation,2021-03-28,150480,54150,1595064,1540914,1595064
E92000001,England,nation,2021-03-27,235773,58934,416642,357708,416642
E92000001,England,nation,2021-03-26,228936,63828,652575,588747,652575
E92000001,England,nation,2021-03-25,262519,67751,1199768,1132017,1199768
E92000001,England,nation,2021-03-24,290770,73598,1726264,1652666,1726264
E92000001,England,nation,2021-03-23,256097,77273,779300,702027,779300
E92000001,England,nation,2021-03-22,137568,65831,1140672,1074841,1140672
E92000001,England,nation,2021-03-21,161319,57725,1845237,1787512,1845237
E92000001,England,nation,2021-03-20,225035,55876,409765,353889,409765
E92000001,England,nation,2021-03-19,260712,64915,867600,802685,867600
E92000001,England,nation,2021-03-18,249608,65924,1363996,1298072,1363996
E92000001,England,nation,2021-03-17,286118,72890,1554083,1481193,1554083
E92000001,England,nation,2021-03-16,264985,77727,1262428,1184701,1262428
E92000001,England,nation,2021-03-15,122728,58041,1527281,1469240,1527281
E92000001,England,nation,2021-03-14,159296,56335,926301,869966,926301
E92000001,England,nation,2021-03-13,228730,58232,392435,334203,392435
E92000001,England,nation,2021-03-12,228988,63420,1347919,1284499,1347919
E92000001,England,nation,2021-03-11,273262,65195,1553062,1487867,1553062
E92000001,England,nation,2021-03-10,304883,73897,1485665,1411768,1485665
E92000001,England,nation,2021-03-09,232275,67547,1320315,1252768,1320315
E92000001,England,nation,2021-03-08,126914,61588,1489074,1427486,1489074
E92000001,England,nation,2021-03-07,161189,52182,769777,717595,769777
E92000001,England,nation,2021-03-06,240978,60274,410719,350445,410719
E92000001,England,nation,2021-03-05,260704,66316,895693,829377,895693
E92000001,England,nation,2021-03-04,252356,64866,933832,868966,933832
E92000001,England,nation,2021-03-03,287736,74378,801489,727111,801489
E92000001,England,nation,2021-03-02,249113,72821,621121,548300,621121
E92000001,England,nation,2021-03-01,147929,58483,689894,631411,689894
E92000001,England,nation,2021-02-28,168881,49147,489436,440289,489436
E92000001,England,nation,2021-02-27,233585,59593,336113,276520,336113
E92000001,England,nation,2021-02-26,252247,65244,553401,488157,553401
E92000001,England,nation,2021-02-25,267679,63333,670812,607479,670812
E92000001,England,nation,2021-02-24,280041,73458,673326,599868,673326
E92000001,England,nation,2021-02-23,246712,74591,543399,468808,543399
E92000001,England,nation,2021-02-22,131756,59816,623789,563973,623789
E92000001,England,nation,2021-02-21,205975,50914,542233,491319,542233
E92000001,England,nation,2021-02-20,243242,61069,350694,289625,350694
E92000001,England,nation,2021-02-19,243837,64698,458815,394117,458815
E92000001,England,nation,2021-02-18,252946,59165,479948,420783,479948
E92000001,England,nation,2021-02-17,286315,73632,506387,432755,506387
E92000001,England,nation,2021-02-16,234787,75992,429304,353312,429304
E92000001,England,nation,2021-02-15,136815,65059,404571,339512,404571
E92000001,England,nation,2021-02-14,169095,44836,351901,307065,351901
E92000001,England,nation,2021-02-13,237579,49829,340257,290428,340257
E92000001,England,nation,2021-02-12,270091,63369,551802,488433,551802
E92000001,England,nation,2021-02-11,276282,63364,654290,590926,654290
E92000001,England,nation,2021-02-10,295286,76152,688438,612286,688438
E92000001,England,nation,2021-02-09,241082,80505,514758,434253,514758
E92000001,England,nation,2021-02-08,141418,58011,580621,522610,580621
E92000001,England,nation,2021-02-07,205466,49694,538267,488573,538267
E92000001,England,nation,2021-02-06,298080,59184,409753,350569,409753
E92000001,England,nation,2021-02-05,312279,67482,609522,542040,609522
E92000001,England,nation,2021-02-04,327205,73475,723497,650022,723497
E92000001,England,nation,2021-02-03,304348,77273,729376,652103,729376
E92000001,England,nation,2021-02-02,265684,69710,553809,484099,553809
E92000001,England,nation,2021-02-01,151579,60414,604709,544295,604709
E92000001,England,nation,2021-01-31,199887,50043,530361,480318,530361
E92000001,England,nation,2021-01-30,283856,60462,390031,329569,390031
E92000001,England,nation,2021-01-29,323811,72974,601992,529018,601992
E92000001,England,nation,2021-01-28,337550,73134,685244,612110,685244
E92000001,England,nation,2021-01-27,344917,81547,700587,619040,700587
E92000001,England,nation,2021-01-26,276082,81335,544179,462844,544179
E92000001,England,nation,2021-01-25,157363,61640,503746,442106,503746
E92000001,England,nation,2021-01-24,216974,49558,367067,317509,367067
E92000001,England,nation,2021-01-23,332982,66909,428258,361349,428258
E92000001,England,nation,2021-01-22,337244,64654,565585,500931,565585
E92000001,England,nation,2021-01-21,363335,74098,589257,515159,589257
E92000001,England,nation,2021-01-20,358526,86016,565283,479267,565283
E92000001,England,nation,2021-01-19,292244,81113,513588,432475,513588
E92000001,England,nation,2021-01-18,213103,56356,507293,450937,507293
E92000001,England,nation,2021-01-17,266911,51828,364118,312290,364118
E92000001,England,nation,2021-01-16,347864,66744,430656,363912,430656
E92000001,England,nation,2021-01-15,348889,68582,528804,460222,528804
E92000001,England,nation,2021-01-14,426408,66539,594994,528455,594994
E92000001,England,nation,2021-01-13,387683,74028,542962,468934,542962
E92000001,England,nation,2021-01-12,334390,81899,502080,420181,502080
E92000001,England,nation,2021-01-11,269312,60921,480972,420051,480972
E92000001,England,nation,2021-01-10,330802,58301,401924,343623,401924
E92000001,England,nation,2021-01-09,414974,65946,481556,415610,481556
E92000001,England,nation,2021-01-08,454153,72432,589711,517279,589711
E92000001,England,nation,2021-01-07,414781,78388,533629,455241,533629
E92000001,England,nation,2021-01-06,393437,77180,489188,412008,489188
E92000001,England,nation,2021-01-05,338776,85228,437075,351847,437075
E92000001,England,nation,2021-01-04,305400,61534,412443,350909,412443
E92000001,England,nation,2021-01-03,329722,53527,381455,327928,381455
E92000001,England,nation,2021-01-02,301039,50475,348757,298282,348757
E92000001,England,nation,2021-01-01,347130,50253,361901,311648,361901
E92000001,England,nation,2020-12-31,386988,63969,439344,375375,439344
E92000001,England,nation,2020-12-30,290256,67992,347009,279017,347009
E92000001,England,nation,2020-12-29,227474,53771,282386,228615,282386
E92000001,England,nation,2020-12-28,290777,48095,318105,270010,318105
E92000001,England,nation,2020-12-27,299256,45330,318930,273600,318930
E92000001,England,nation,2020-12-26,219876,34955,226089,191134,226089
E92000001,England,nation,2020-12-25,305380,37949,309970,272021,309970
E92000001,England,nation,2020-12-24,380298,64776,415262,350486,415262
E92000001,England,nation,2020-12-23,387803,71751,434891,363140,434891
E92000001,England,nation,2020-12-22,346925,76590,384295,307705,384295
E92000001,England,nation,2020-12-21,328110,57597,358738,301141,358738
E92000001,England,nation,2020-12-20,334355,58073,352357,294284,352357
E92000001,England,nation,2020-12-19,367617,68787,384745,315958,384745
E92000001,England,nation,2020-12-18,299550,73617,326925,253308,326925
E92000001,England,nation,2020-12-17,296428,75199,317182,241983,317182
E92000001,England,nation,2020-12-16,232913,77413,250875,173462,250875
E92000001,England,nation,2020-12-15,244507,80071,262274,182203,262274
E92000001,England,nation,2020-12-14,218554,59575,239961,180386,239961
E92000001,England,nation,2020-12-13,264545,56060,273172,217112,273172
E92000001,England,nation,2020-12-12,305091,65413,316280,250867,316280
E92000001,England,nation,2020-12-11,292679,70552,321478,250926,321478
E92000001,England,nation,2020-12-10,305989,72941,327113,254172,327113
E92000001,England,nation,2020-12-09,268243,79286,307233,227947,307233
E92000001,England,nation,2020-12-08,201277,74109,237698,163589,237698
E92000001,England,nation,2020-12-07,140704,58766,175192,116426,175192
E92000001,England,nation,2020-12-06,203367,51003,224241,173238,224241
E92000001,England,nation,2020-12-05,267723,63923,294918,230995,294918
E92000001,England,nation,2020-12-04,270311,70833,313715,242882,313715
E92000001,England,nation,2020-12-03,280268,72504,315099,242595,315099
E92000001,England,nation,2020-12-02,252224,77543,279604,202061,279604
E92000001,England,nation,2020-12-01,220441,74351,249406,175055,249406
E92000001,England,nation,2020-11-30,141861,55743,171420,115677,171420
E92000001,England,nation,2020-11-29,163409,50791,170272,119481,170272
E92000001,England,nation,2020-11-28,242941,61848,249357,187509,249357
E92000001,England,nation,2020-11-27,250364,69581,261540,191959,261540
E92000001,England,nation,2020-11-26,295720,70611,304719,234108,304719
E92000001,England,nation,2020-11-25,262805,75629,272154,196525,272154
E92000001,England,nation,2020-11-24,246296,81476,254695,173219,254695
E92000001,England,nation,2020-11-23,152736,58320,164060,105740,164060
E92000001,England,nation,2020-11-22,198806,50597,204027,153430,204027
E92000001,England,nation,2020-11-21,284305,64581,291147,226566,291147
E92000001,England,nation,2020-11-20,307564,68190,316312,248122,316312
E92000001,England,nation,2020-11-19,303446,73321,312057,238736,312057
E92000001,England,nation,2020-11-18,280773,77339,288968,211629,288968
E92000001,England,nation,2020-11-17,225048,74433,235133,160700,235133
E92000001,England,nation,2020-11-16,178343,57861,188620,130759,188620
E92000001,England,nation,2020-11-15,231843,53466,237444,183978,237444
E92000001,England,nation,2020-11-14,282981,62878,289994,227116,289994
E92000001,England,nation,2020-11-13,311884,71749,321816,250067,321816
E92000001,England,nation,2020-11-12,307762,73569,318532,244963,318532
E92000001,England,nation,2020-11-11,301274,75425,313854,238429,313854
E92000001,England,nation,2020-11-10,233170,74398,245594,171196,245594
E92000001,England,nation,2020-11-09,196960,57438,206126,148688,206126
E92000001,England,nation,2020-11-08,228847,51810,235246,183436,235246
E92000001,England,nation,2020-11-07,266808,59241,274195,214954,274195
E92000001,England,nation,2020-11-06,289527,68866,293741,224875,293741
E92000001,England,nation,2020-11-05,280927,67287,281041,213754,281041
E92000001,England,nation,2020-11-04,248797,76353,248954,172601,248954
E92000001,England,nation,2020-11-03,215867,62334,215979,153645,215979
E92000001,England,nation,2020-11-02,161725,55472,161739,106267,161739
E92000001,England,nation,2020-11-01,214055,47930,214055,166125,214055
E92000001,England,nation,2020-10-31,244456,62463,244456,181993,244456
E92000001,England,nation,2020-10-30,237540,62660,237608,174948,237608
E92000001,England,nation,2020-10-29,272510,60969,272516,211547,272516
E92000001,England,nation,2020-10-28,248562,69337,248609,179272,248609
E92000001,England,nation,2020-10-27,220636,68334,220638,152304,220638
E92000001,England,nation,2020-10-26,187193,51702,187199,135497,187199
E92000001,England,nation,2020-10-25,253965,51245,253966,202721,253966
E92000001,England,nation,2020-10-24,245413,60952,245414,184462,245414
E92000001,England,nation,2020-10-23,271853,69174,271864,202690,271864
E92000001,England,nation,2020-10-22,273922,69594,273927,204333,273927
E92000001,England,nation,2020-10-21,243053,72366,243062,170696,243062
E92000001,England,nation,2020-10-20,220135,66227,220135,153908,220135
E92000001,England,nation,2020-10-19,200444,54556,200444,145888,200444
E92000001,England,nation,2020-10-18,246928,47851,246928,199077,246928
E92000001,England,nation,2020-10-17,238723,59077,238723,179646,238723
E92000001,England,nation,2020-10-16,257720,63357,257720,194363,257720
E92000001,England,nation,2020-10-15,236839,67267,236839,169572,236839
E92000001,England,nation,2020-10-14,238634,66513,238634,172121,238634
E92000001,England,nation,2020-10-13,207385,60229,207385,147156,207385
E92000001,England,nation,2020-10-12,161479,47863,161479,113616,161479
E92000001,England,nation,2020-10-11,206549,43535,206549,163014,206549
E92000001,England,nation,2020-10-10,218460,57901,218460,160559,218460
E92000001,England,nation,2020-10-09,237549,62863,237549,174686,237549
E92000001,England,nation,2020-10-08,228857,60113,228857,168744,228857
E92000001,England,nation,2020-10-07,199768,64416,199768,135352,199768
E92000001,England,nation,2020-10-06,202460,64415,202460,138045,202460
E92000001,England,nation,2020-10-05,201138,49364,201138,151774,201138
E92000001,England,nation,2020-10-04,190151,45225,190151,144926,190151
E92000001,England,nation,2020-10-03,224249,53368,224249,170881,224249
E92000001,England,nation,2020-10-02,208056,60688,208056,147368,208056
E92000001,England,nation,2020-10-01,203108,59893,203108,143215,203108
E92000001,England,nation,2020-09-30,204366,64941,204366,139425,204366
E92000001,England,nation,2020-09-29,179536,58870,179536,120666,179536
E92000001,England,nation,2020-09-28,170166,50533,170166,119633,170166
E92000001,England,nation,2020-09-27,197325,48428,197325,148897,197325
E92000001,England,nation,2020-09-26,200267,57474,200267,142793,200267
E92000001,England,nation,2020-09-25,220780,61807,220780,158973,220780
E92000001,England,nation,2020-09-24,210375,61481,210375,148894,210375
E92000001,England,nation,2020-09-23,199600,67479,199600,132121,199600
E92000001,England,nation,2020-09-22,188723,61546,188723,127177,188723
E92000001,England,nation,2020-09-21,162093,50347,162093,111746,162093
E92000001,England,nation,2020-09-20,,47580,191125,143545,
E92000001,England,nation,2020-09-19,,59280,210444,151164,
E92000001,England,nation,2020-09-18,,66010,209554,143544,
E92000001,England,nation,2020-09-17,,64639,198617,133978,
E92000001,England,nation,2020-09-16,,68259,201177,132918,
E92000001,England,nation,2020-09-15,,62260,193840,131580,
E92000001,England,nation,2020-09-14,,46563,178344,131781,
E92000001,England,nation,2020-09-13,,42281,185292,143011,
E92000001,England,nation,2020-09-12,,53019,185402,132383,
E92000001,England,nation,2020-09-11,,54903,201510,146607,
E92000001,England,nation,2020-09-10,,54415,192852,138437,
E92000001,England,nation,2020-09-09,,60550,172305,111755,
E92000001,England,nation,2020-09-08,,53739,158442,104703,
E92000001,England,nation,2020-09-07,,41909,149606,107697,
E92000001,England,nation,2020-09-06,,36995,144854,107859,
E92000001,England,nation,2020-09-05,,47526,136157,88631,
E92000001,England,nation,2020-09-04,,52929,160311,107382,
E92000001,England,nation,2020-09-03,,50562,149893,99331,
E92000001,England,nation,2020-09-02,,53229,147263,94034,
E92000001,England,nation,2020-09-01,,41192,124283,83091,
E92000001,England,nation,2020-08-31,,31938,127673,95735,
E92000001,England,nation,2020-08-30,,35466,131179,95713,
E92000001,England,nation,2020-08-29,,37698,132419,94721,
E92000001,England,nation,2020-08-28,,45353,136798,91445,
E92000001,England,nation,2020-08-27,,45849,151520,105671,
E92000001,England,nation,2020-08-26,,50486,148033,97547,
E92000001,England,nation,2020-08-25,,50386,129698,79312,
E92000001,England,nation,2020-08-24,,37099,110927,73828,
E92000001,England,nation,2020-08-23,,35026,135586,100560,
E92000001,England,nation,2020-08-22,,43402,139922,96520,
E92000001,England,nation,2020-08-21,,47642,154337,106695,
E92000001,England,nation,2020-08-20,,47689,147400,99711,
E92000001,England,nation,2020-08-19,,51791,149876,98085,
E92000001,England,nation,2020-08-18,,50560,133540,82980,
E92000001,England,nation,2020-08-17,,36880,119749,82869,
E92000001,England,nation,2020-08-16,,35032,141677,106645,
E92000001,England,nation,2020-08-15,,44131,151129,106998,
E92000001,England,nation,2020-08-14,,43910,140694,96784,
E92000001,England,nation,2020-08-13,,46960,134390,87430,
E92000001,England,nation,2020-08-12,,51213,149005,97792,
E92000001,England,nation,2020-08-11,,48577,125938,77361,
E92000001,England,nation,2020-08-10,,37439,115067,77628,
E92000001,England,nation,2020-08-09,,35164,128267,93103,
E92000001,England,nation,2020-08-08,,42524,127949,85425,
E92000001,England,nation,2020-08-07,,47294,135987,88693,
E92000001,England,nation,2020-08-06,,50660,141284,90624,
E92000001,England,nation,2020-08-05,,51326,128998,77672,
E92000001,England,nation,2020-08-04,,48494,122633,74139,
E92000001,England,nation,2020-08-03,,37701,110730,73029,
E92000001,England,nation,2020-08-02,,35388,105564,70176,
E92000001,England,nation,2020-08-01,,39775,115939,76164,
E92000001,England,nation,2020-07-31,,43534,123374,79840,
E92000001,England,nation,2020-07-30,,46212,131615,85403,
E92000001,England,nation,2020-07-29,,47809,123316,75507,
E92000001,England,nation,2020-07-28,,46612,115724,69112,
E92000001,England,nation,2020-07-27,,35561,69019,33458,
E92000001,England,nation,2020-07-26,,32168,88063,55895,
E92000001,England,nation,2020-07-25,,39428,118070,78642,
E92000001,England,nation,2020-07-24,,41348,120140,78792,
E92000001,England,nation,2020-07-23,,42971,109838,66867,
E92000001,England,nation,2020-07-22,,46700,113828,67128,
E92000001,England,nation,2020-07-21,,45084,107701,62617,
E92000001,England,nation,2020-07-20,,35450,71073,35623,
E92000001,England,nation,2020-07-19,,31799,86833,55034,
E92000001,England,nation,2020-07-18,,36825,107264,70439,
E92000001,England,nation,2020-07-17,,42077,137799,95722,
E92000001,England,nation,2020-07-16,,42297,129343,87046,
E92000001,England,nation,2020-07-15,,45695,116621,70926,
E92000001,England,nation,2020-07-14,,45491,100377,54886,
E92000001,England,nation,2020-07-13,,33719,64198,30479,
E92000001,England,nation,2020-07-12,,27553,27553,,
E92000001,England,nation,2020-07-11,,39995,39995,,
E92000001,England,nation,2020-07-10,,41164,41164,,
E92000001,England,nation,2020-07-09,,39479,39479,,
E92000001,England,nation,2020-07-08,,43323,43323,,
E92000001,England,nation,2020-07-07,,41250,41250,,
E92000001,England,nation,2020-07-06,,33708,33708,,
E92000001,England,nation,2020-07-05,,28813,28813,,
E92000001,England,nation,2020-07-04,,34156,34156,,
E92000001,England,nation,2020-07-03,,39783,39783,,
E92000001,England,nation,2020-07-02,,39436,39436,,
E92000001,England,nation,2020-07-01,,42102,42102,,
E92000001,England,nation,2020-06-30,,40093,40093,,
E92000001,England,nation,2020-06-29,,31973,31973,,
E92000001,England,nation,2020-06-28,,23778,23778,,
E92000001,England,nation,2020-06-27,,33290,33290,,
E92000001,England,nation,2020-06-26,,36221,36221,,
E92000001,England,nation,2020-06-25,,33782,33782,,
E92000001,England,nation,2020-06-24,,35870,35870,,
E92000001,England,nation,2020-06-23,,38095,38095,,
E92000001,England,nation,2020-06-22,,29893,29893,,
E92000001,England,nation,2020-06-21,,23187,23187,,
E92000001,England,nation,2020-06-20,,28203,28203,,
E92000001,England,nation,2020-06-19,,34530,34530,,
E92000001,England,nation,2020-06-18,,33806,33806,,
E92000001,England,nation,2020-06-17,,35097,35097,,
E92000001,England,nation,2020-06-16,,35300,35300,,
E92000001,England,nation,2020-06-15,,28149,28149,,
E92000001,England,nation,2020-06-14,,23632,23632,,
E92000001,England,nation,2020-06-13,,30577,30577,,
E92000001,England,nation,2020-06-12,,30837,30837,,
E92000001,England,nation,2020-06-11,,31130,31130,,
E92000001,England,nation,2020-06-10,,34290,34290,,
E92000001,England,nation,2020-06-09,,35187,35187,,
E92000001,England,nation,2020-06-08,,25035,25035,,
E92000001,England,nation,2020-06-07,,23540,23540,,
E92000001,England,nation,2020-06-06,,27694,27694,,
E92000001,England,nation,2020-06-05,,29469,29469,,
E92000001,England,nation,2020-06-04,,30907,30907,,
E92000001,England,nation,2020-06-03,,31443,31443,,
E92000001,England,nation,2020-06-02,,30828,30828,,
E92000001,England,nation,2020-06-01,,23240,23240,,
E92000001,England,nation,2020-05-31,,21332,21332,,
E92000001,England,nation,2020-05-30,,24823,24823,,
E92000001,England,nation,2020-05-29,,30139,30139,,
E92000001,England,nation,2020-05-28,,29609,29609,,
E92000001,England,nation,2020-05-27,,29148,29148,,
E92000001,England,nation,2020-05-26,,22511,22511,,
E92000001,England,nation,2020-05-25,,19845,19845,,
E92000001,England,nation,2020-05-24,,19911,19911,,
E92000001,England,nation,2020-05-23,,25548,25548,,
E92000001,England,nation,2020-05-22,,28480,28480,,
E92000001,England,nation,2020-05-21,,30671,30671,,
E92000001,England,nation,2020-05-20,,30817,30817,,
E92000001,England,nation,2020-05-19,,28611,28611,,
E92000001,England,nation,2020-05-18,,23107,23107,,
E92000001,England,nation,2020-05-17,,19574,19574,,
E92000001,England,nation,2020-05-16,,25494,25494,,
E92000001,England,nation,2020-05-15,,29335,29335,,
E92000001,England,nation,2020-05-14,,26159,26159,,
E92000001,England,nation,2020-05-13,,25114,25114,,
E92000001,England,nation,2020-05-12,,26006,26006,,
E92000001,England,nation,2020-05-11,,20796,20796,,
E92000001,England,nation,2020-05-10,,21548,21548,,
E92000001,England,nation,2020-05-09,,22738,22738,,
E92000001,England,nation,2020-05-08,,27174,27174,,
E92000001,England,nation,2020-05-07,,27820,27820,,
E92000001,England,nation,2020-05-06,,27203,27203,,
E92000001,England,nation,2020-05-05,,27270,27270,,
E92000001,England,nation,2020-05-04,,22381,22381,,
E92000001,England,nation,2020-05-03,,21097,21097,,
E92000001,England,nation,2020-05-02,,23664,23664,,
E92000001,England,nation,2020-05-01,,33408,33408,,
E92000001,England,nation,2020-04-30,,34807,34807,,
E92000001,England,nation,2020-04-29,,27283,27283,,
E92000001,England,nation,2020-04-28,,19526,19526,,
E92000001,England,nation,2020-04-27,,13097,13097,,
E92000001,England,nation,2020-04-26,,14699,14699,,
E92000001,England,nation,2020-04-25,,14835,14835,,
E92000001,England,nation,2020-04-24,,17489,17489,,
E92000001,England,nation,2020-04-23,,16947,16947,,
E92000001,England,nation,2020-04-22,,16233,16233,,
E92000001,England,nation,2020-04-21,,16444,16444,,
E92000001,England,nation,2020-04-20,,12542,12542,,
E92000001,England,nation,2020-04-19,,11284,11284,,
E92000001,England,nation,2020-04-18,,13849,13849,,
E92000001,England,nation,2020-04-17,,14618,14618,,
E92000001,England,nation,2020-04-16,,15517,15517,,
E92000001,England,nation,2020-04-15,,13704,13704,,
E92000001,England,nation,2020-04-14,,11637,11637,,
E92000001,England,nation,2020-04-13,,10033,10033,,
E92000001,England,nation,2020-04-12,,10374,10374,,
E92000001,England,nation,2020-04-11,,12540,12540,,
E92000001,England,nation,2020-04-10,,13400,13400,,
E92000001,England,nation,2020-04-09,,14543,14543,,
E92000001,England,nation,2020-04-08,,13529,13529,,
E92000001,England,nation,2020-04-07,,10917,10917,,
E92000001,England,nation,2020-04-06,,11065,11065,,
E92000001,England,nation,2020-04-05,,9747,9747,,
E92000001,England,nation,2020-04-04,,11085,11085,,
E92000001,England,nation,2020-04-03,,10984,10984,,
E92000001,England,nation,2020-04-02,,11764,11764,,
E92000001,England,nation,2020-04-01,,10314,10314,,
E92000001,England,nation,2020-03-31,,10412,10412,,
