areaCode,areaName,areaType,date,newCasesByPublishDate,newCasesBySpecimenDate,newDeaths28DaysByDeathDate,newDeaths28DaysByPublishDate
E92000001,England,nation,2021-07-21,39504,,,63
E92000001,England,nation,2021-07-20,43261,7417,8,82
E92000001,England,nation,2021-07-19,34657,36291,46,15
E92000001,England,nation,2021-07-18,44777,30922,42,21
E92000001,England,nation,2021-07-17,50955,32927,33,35
E92000001,England,nation,2021-07-16,47360,48908,31,42
E92000001,England,nation,2021-07-15,44523,55989,36,44
E92000001,England,nation,2021-07-14,37895,49165,27,36
E92000001,England,nation,2021-07-13,32883,42224,35,45
E92000001,England,nation,2021-07-12,30619,39547,30,6
E92000001,England,nation,2021-07-11,28421,26884,25,25
E92000001,England,nation,2021-07-10,29732,24872,29,26
E92000001,England,nation,2021-07-09,31231,28405,38,22
E92000001,England,nation,2021-07-08,28421,29188,26,31
E92000001,England,nation,2021-07-07,27516,33458,23,28
E92000001,England,nation,2021-07-06,25295,30902,17,30
E92000001,England,nation,2021-07-05,23286,29456,23,7
E92000001,England,nation,2021-07-04,20454,21298,22,15
E92000001,England,nation,2021-07-03,21317,20120,23,15
E92000001,England,nation,2021-07-02,22393,21693,24,22
E92000001,England,nation,2021-07-01,22948,23580,18,16
E92000001,England,nation,2021-06-30,21293,23383,20,11
E92000001,England,nation,2021-06-29,16802,22669,19,22
E92000001,England,nation,2021-06-28,18702,22864,9,3
E92000001,England,nation,2021-06-27,11560,15032,17,9
E92000001,England,nation,2021-06-26,15136,13161,8,20
E92000001,England,nation,2021-06-25,13498,14497,19,15
E92000001,England,nation,2021-06-24,13068,14680,19,16
E92000001,England,nation,2021-06-23,12765,14387,5,13
E92000001,England,nation,2021-06-22,9096,13189,9,23
E92000001,England,nation,2021-06-21,8766,12386,13,5
E92000001,England,nation,2021-06-20,7778,7999,20,6
E92000001,England,nation,2021-06-19,8954,6932,18,12
E92000001,England,nation,2021-06-18,9185,8505,10,9
E92000001,England,nation,2021-06-17,9371,9199,5,15
E92000001,England,nation,2021-06-16,7642,9155,10,8
E92000001,England,nation,2021-06-15,6486,8864,13,8
E92000001,England,nation,2021-06-14,6647,8685,8,3
E92000001,England,nation,2021-06-13,6269,5904,7,7
E92000001,England,nation,2021-06-12,6601,5251,13,10
E92000001,England,nation,2021-06-11,6782,6338,6,16
E92000001,England,nation,2021-06-10,6436,6530,9,5
E92000001,England,nation,2021-06-09,6201,6702,4,5
E92000001,England,nation,2021-06-08,5250,6427,7,13
E92000001,England,nation,2021-06-07,4913,6592,4,0
E92000001,England,nation,2021-06-06,4405,4611,5,4
E92000001,England,nation,2021-06-05,4810,3860,4,12
E92000001,England,nation,2021-06-04,5102,4742,8,9
E92000001,England,nation,2021-06-03,4310,4968,10,13
E92000001,England,nation,2021-06-02,3486,4920,9,11
E92000001,England,nation,2021-06-01,2539,4332,3,0
E92000001,England,nation,2021-05-31,2854,3059,7,0
E92000001,England,nation,2021-05-30,2621,2534,7,6
E92000001,England,nation,2021-05-29,2747,2391,5,6
E92000001,England,nation,2021-05-28,3434,2824,6,8
E92000001,England,nation,2021-05-27,2936,2958,7,8
E92000001,England,nation,2021-05-26,2540,3069,10,8
E92000001,England,nation,2021-05-25,2081,2682,3,13
E92000001,England,nation,2021-05-24,1972,2614,8,3
E92000001,England,nation,2021-05-23,1734,1837,6,3
E92000001,England,nation,2021-05-22,2242,1534,3,6
E92000001,England,nation,2021-05-21,2303,1796,7,6
E92000001,England,nation,2021-05-20,2307,1910,5,6
E92000001,England,nation,2021-05-19,2151,2169,3,3
E92000001,England,nation,2021-05-18,2008,2138,3,5
E92000001,England,nation,2021-05-17,1645,2242,5,3
E92000001,England,nation,2021-05-16,1471,1521,6,3
E92000001,England,nation,2021-05-15,1614,1258,7,7
E92000001,England,nation,2021-05-14,1828,1457,3,15
E92000001,England,nation,2021-05-13,2229,1653,4,8
E92000001,England,nation,2021-05-12,1804,1766,9,11
E92000001,England,nation,2021-05-11,2117,1745,13,18
E92000001,England,nation,2021-05-10,2009,2169,8,0
E92000001,England,nation,2021-05-09,1418,1846,8,2
E92000001,England,nation,2021-05-08,1742,1202,8,5
E92000001,England,nation,2021-05-07,2142,1557,8,13
E92000001,England,nation,2021-05-06,2194,1800,7,12
E92000001,England,nation,2021-05-05,1906,2037,12,27
E92000001,England,nation,2021-05-04,1659,2039,9,3
E92000001,England,nation,2021-05-03,1453,1693,8,1
E92000001,England,nation,2021-05-02,1377,1214,10,13
E92000001,England,nation,2021-05-01,1642,1124,7,6
E92000001,England,nation,2021-04-30,2046,1408,8,14
E92000001,England,nation,2021-04-29,2103,1761,11,15
E92000001,England,nation,2021-04-28,1829,2019,13,27
E92000001,England,nation,2021-04-27,2410,1693,10,16
E92000001,England,nation,2021-04-26,1752,2086,9,3
E92000001,England,nation,2021-04-25,1401,1773,12,7
E92000001,England,nation,2021-04-24,1804,1206,7,27
E92000001,England,nation,2021-04-23,2277,1576,17,38
E92000001,England,nation,2021-04-22,2315,1882,14,11
E92000001,England,nation,2021-04-21,1943,2123,17,20
E92000001,England,nation,2021-04-20,2169,1941,17,28
E92000001,England,nation,2021-04-19,2550,2128,16,2
E92000001,England,nation,2021-04-18,1495,2130,15,7
E92000001,England,nation,2021-04-17,1897,1308,17,31
E92000001,England,nation,2021-04-16,2225,1805,15,30
E92000001,England,nation,2021-04-15,2171,1797,17,25
E92000001,England,nation,2021-04-14,2054,1937,9,34
E92000001,England,nation,2021-04-13,2070,1908,19,18
E92000001,England,nation,2021-04-12,3222,2234,25,13
E92000001,England,nation,2021-04-11,1338,1897,19,3
E92000001,England,nation,2021-04-10,2032,1889,18,33
E92000001,England,nation,2021-04-09,2638,2313,17,51
E92000001,England,nation,2021-04-08,2486,2480,31,44
E92000001,England,nation,2021-04-07,2304,2586,25,40
E92000001,England,nation,2021-04-06,1937,2561,23,15
E92000001,England,nation,2021-04-05,2236,2189,10,16
E92000001,England,nation,2021-04-04,1954,1925,23,10
E92000001,England,nation,2021-04-03,2847,2015,27,8
E92000001,England,nation,2021-04-02,2881,2126,19,47
E92000001,England,nation,2021-04-01,3784,2864,28,41
E92000001,England,nation,2021-03-31,3327,3139,36,36
E92000001,England,nation,2021-03-30,3384,2954,38,39
E92000001,England,nation,2021-03-29,4112,3200,25,22
E92000001,England,nation,2021-03-28,3153,4093,27,17
E92000001,England,nation,2021-03-27,3813,2941,29,43
E92000001,England,nation,2021-03-26,5273,3619,41,61
E92000001,England,nation,2021-03-25,5286,4447,37,49
E92000001,England,nation,2021-03-24,4615,5107,34,92
E92000001,England,nation,2021-03-23,4583,4337,45,103
E92000001,England,nation,2021-03-22,4746,5144,57,16
E92000001,England,nation,2021-03-21,4459,4516,69,26
E92000001,England,nation,2021-03-20,4732,3366,59,82
E92000001,England,nation,2021-03-19,3809,4137,56,81
E92000001,England,nation,2021-03-18,5213,4522,52,83
E92000001,England,nation,2021-03-17,4827,4849,64,121
E92000001,England,nation,2021-03-16,4391,4741,66,101
E92000001,England,nation,2021-03-15,4264,5436,83,61
E92000001,England,nation,2021-03-14,3774,3583,79,40
E92000001,England,nation,2021-03-13,4539,3451,98,106
E92000001,England,nation,2021-03-12,5529,4614,81,145
E92000001,England,nation,2021-03-11,5744,4686,107,138
E92000001,England,nation,2021-03-10,4863,5008,97,156
E92000001,England,nation,2021-03-09,4894,5286,113,207
E92000001,England,nation,2021-03-08,3903,5589,121,62
E92000001,England,nation,2021-03-07,4497,3542,113,61
E92000001,England,nation,2021-03-06,5118,3703,129,135
E92000001,England,nation,2021-03-05,5053,4551,156,211
E92000001,England,nation,2021-03-04,5643,4790,129,202
E92000001,England,nation,2021-03-03,5408,5097,126,264
E92000001,England,nation,2021-03-02,5530,5683,154,307
E92000001,England,nation,2021-03-01,4738,5890,192,99
E92000001,England,nation,2021-02-28,5080,3953,197,115
E92000001,England,nation,2021-02-27,6527,4103,196,254
E92000001,England,nation,2021-02-26,7393,5666,194,300
E92000001,England,nation,2021-02-25,8623,6610,220,266
E92000001,England,nation,2021-02-24,8644,7292,239,380
E92000001,England,nation,2021-02-23,7292,8142,254,483
E92000001,England,nation,2021-02-22,9420,9855,241,165
E92000001,England,nation,2021-02-21,8408,6798,286,190
E92000001,England,nation,2021-02-20,8964,6890,302,397
E92000001,England,nation,2021-02-19,10296,8883,317,481
E92000001,England,nation,2021-02-18,10740,9905,364,377
E92000001,England,nation,2021-02-17,10926,10021,384,638
E92000001,England,nation,2021-02-16,9236,10815,395,733
E92000001,England,nation,2021-02-15,8609,12468,460,210
E92000001,England,nation,2021-02-14,9499,7533,435,228
E92000001,England,nation,2021-02-13,11697,7742,431,544
E92000001,England,nation,2021-02-12,13299,10562,451,657
E92000001,England,nation,2021-02-11,12001,11227,509,594
E92000001,England,nation,2021-02-10,11551,11839,542,926
E92000001,England,nation,2021-02-09,10916,12240,537,974
E92000001,England,nation,2021-02-08,12270,13841,611,304
E92000001,England,nation,2021-02-07,14466,10154,567,329
E92000001,England,nation,2021-02-06,16302,10583,608,724
E92000001,England,nation,2021-02-05,17314,13972,675,892
E92000001,England,nation,2021-02-04,18529,16153,647,817
E92000001,England,nation,2021-02-03,17265,17409,777,1173
E92000001,England,nation,2021-02-02,15021,17659,759,1356
E92000001,England,nation,2021-02-01,16815,20113,804,368
E92000001,England,nation,2021-01-31,19054,13708,810,528
E92000001,England,nation,2021-01-30,21089,15001,831,1098
E92000001,England,nation,2021-01-29,26709,19680,943,1124
E92000001,England,nation,2021-01-28,26182,21843,1016,1088
E92000001,England,nation,2021-01-27,22914,23234,1006,1568
E92000001,England,nation,2021-01-26,17920,24435,960,1520
E92000001,England,nation,2021-01-25,20149,27107,1070,548
E92000001,England,nation,2021-01-24,27580,15453,1040,551
E92000001,England,nation,2021-01-23,30496,19874,1058,1233
E92000001,England,nation,2021-01-22,37115,26907,1123,1251
E92000001,England,nation,2021-01-21,34371,28755,1133,1134
E92000001,England,nation,2021-01-20,35061,31750,1173,1662
E92000001,England,nation,2021-01-19,30371,35967,1244,1507
E92000001,England,nation,2021-01-18,34134,40720,1168,560
E92000001,England,nation,2021-01-17,35263,26207,1167,598
E92000001,England,nation,2021-01-16,37759,27651,1170,1140
E92000001,England,nation,2021-01-15,50741,36793,1101,1139
E92000001,England,nation,2021-01-14,44358,38520,1088,1114
E92000001,England,nation,2021-01-13,42898,41153,1101,1400
E92000001,England,nation,2021-01-12,41121,44671,1091,1151
E92000001,England,nation,2021-01-11,41835,51996,1004,495
E92000001,England,nation,2021-01-10,50291,32855,981,498
E92000001,England,nation,2021-01-09,54257,35439,926,871
E92000001,England,nation,2021-01-08,61757,42331,887,1156
E92000001,England,nation,2021-01-07,46841,46853,888,1004
E92000001,England,nation,2021-01-06,56060,51312,824,884
E92000001,England,nation,2021-01-05,54940,58036,820,784
E92000001,England,nation,2021-01-04,53180,69113,752,370
E92000001,England,nation,2021-01-03,46853,49507,652,392
E92000001,England,nation,2021-01-02,49248,54164,669,349
E92000001,England,nation,2021-01-01,50746,28222,643,613
E92000001,England,nation,2020-12-31,49510,46683,652,820
E92000001,England,nation,2020-12-30,43554,62889,625,919
E92000001,England,nation,2020-12-29,47164,72507,578,360
E92000001,England,nation,2020-12-28,36511,40038,590,322
E92000001,England,nation,2020-12-27,25619,42433,575,246
E92000001,England,nation,2020-12-26,31307,36704,567,175
E92000001,England,nation,2020-12-25,31560,12674,537,570
E92000001,England,nation,2020-12-24,35561,28700,486,468
E92000001,England,nation,2020-12-23,34247,37615,481,625
E92000001,England,nation,2020-12-22,32288,40901,489,608
E92000001,England,nation,2020-12-21,28742,42594,496,198
E92000001,England,nation,2020-12-20,32155,28939,430,241
E92000001,England,nation,2020-12-19,22775,21736,412,441
E92000001,England,nation,2020-12-18,24452,31829,433,403
E92000001,England,nation,2020-12-17,22401,29597,439,438
E92000001,England,nation,2020-12-16,23432,30127,355,537
E92000001,England,nation,2020-12-15,16504,29100,388,467
E92000001,England,nation,2020-12-14,17882,29516,412,194
E92000001,England,nation,2020-12-13,17164,18131,365,138
E92000001,England,nation,2020-12-12,17468,16030,374,440
E92000001,England,nation,2020-12-11,17899,19864,397,353
E92000001,England,nation,2020-12-10,17622,18548,379,419
E92000001,England,nation,2020-12-09,12960,17460,374,451
E92000001,England,nation,2020-12-08,10459,16671,375,538
E92000001,England,nation,2020-12-07,11623,17395,354,177
E92000001,England,nation,2020-12-06,14294,10870,355,201
E92000001,England,nation,2020-12-05,12666,10143,344,344
E92000001,England,nation,2020-12-04,13412,12882,411,424
E92000001,England,nation,2020-12-03,11992,12529,405,328
E92000001,England,nation,2020-12-02,13323,13463,336,555
E92000001,England,nation,2020-12-01,11618,13516,346,531
E92000001,England,nation,2020-11-30,10869,15030,362,189
E92000001,England,nation,2020-11-29,10054,8906,403,194
E92000001,England,nation,2020-11-28,13323,9207,383,397
E92000001,England,nation,2020-11-27,13557,12268,364,451
E92000001,England,nation,2020-11-26,14637,12275,372,411
E92000001,England,nation,2020-11-25,15893,13929,425,604
E92000001,England,nation,2020-11-24,9854,14030,406,535
E92000001,England,nation,2020-11-23,13329,16208,400,194
E92000001,England,nation,2020-11-22,16668,10035,406,370
E92000001,England,nation,2020-11-21,17615,10616,397,266
E92000001,England,nation,2020-11-20,17845,14678,390,436
E92000001,England,nation,2020-11-19,20291,15504,397,416
E92000001,England,nation,2020-11-18,17189,18213,435,423
E92000001,England,nation,2020-11-17,17549,20326,364,518
E92000001,England,nation,2020-11-16,19423,23730,358,191
E92000001,England,nation,2020-11-15,21998,14214,382,143
E92000001,England,nation,2020-11-14,24298,16036,358,396
E92000001,England,nation,2020-11-13,24540,21648,357,280
E92000001,England,nation,2020-11-12,30843,21948,351,469
E92000001,England,nation,2020-11-11,19970,24645,312,478
E92000001,England,nation,2020-11-10,18622,24466,319,460
E92000001,England,nation,2020-11-09,19036,28093,401,175
E92000001,England,nation,2020-11-08,18293,17962,341,127
E92000001,England,nation,2020-11-07,21875,16618,333,328
E92000001,England,nation,2020-11-06,20268,20829,333,303
E92000001,England,nation,2020-11-05,21137,20876,301,297
E92000001,England,nation,2020-11-04,21863,20697,278,388
E92000001,England,nation,2020-11-03,17330,22310,291,359
E92000001,England,nation,2020-11-02,15860,27924,286,125
E92000001,England,nation,2020-11-01,20602,13368,286,132
E92000001,England,nation,2020-10-31,18864,14347,276,278
E92000001,England,nation,2020-10-30,20821,19643,281,226
E92000001,England,nation,2020-10-29,19740,19974,249,214
E92000001,England,nation,2020-10-28,21245,20229,238,236
E92000001,England,nation,2020-10-27,19629,20488,217,322
E92000001,England,nation,2020-10-26,17883,22755,221,90
E92000001,England,nation,2020-10-25,16487,13165,206,137
E92000001,England,nation,2020-10-24,19332,13518,171,141
E92000001,England,nation,2020-10-23,17116,18108,188,188
E92000001,England,nation,2020-10-22,17354,19609,187,160
E92000001,England,nation,2020-10-21,22948,21480,191,144
E92000001,England,nation,2020-10-20,17814,21338,171,213
E92000001,England,nation,2020-10-19,16365,22104,159,72
E92000001,England,nation,2020-10-18,14704,11852,120,59
E92000001,England,nation,2020-10-17,13299,12348,161,128
E92000001,England,nation,2020-10-16,12176,14549,122,120
E92000001,England,nation,2020-10-15,16139,15244,124,111
E92000001,England,nation,2020-10-14,16132,16445,101,108
E92000001,England,nation,2020-10-13,14310,15432,87,124
E92000001,England,nation,2020-10-12,11647,16190,96,43
E92000001,England,nation,2020-10-11,10383,9648,103,62
E92000001,England,nation,2020-10-10,12628,10156,90,54
E92000001,England,nation,2020-10-09,10772,13011,67,79
E92000001,England,nation,2020-10-08,14952,15266,76,70
E92000001,England,nation,2020-10-07,11528,15192,81,65
E92000001,England,nation,2020-10-06,12648,14295,62,63
E92000001,England,nation,2020-10-05,10685,14032,59,19
E92000001,England,nation,2020-10-04,21309,9833,54,32
E92000001,England,nation,2020-10-03,10806,9702,55,39
E92000001,England,nation,2020-10-02,4797,11574,64,58
E92000001,England,nation,2020-10-01,5589,11301,55,48
E92000001,England,nation,2020-09-30,5656,10522,48,62
E92000001,England,nation,2020-09-29,5651,8718,43,68
E92000001,England,nation,2020-09-28,3316,8580,47,13
E92000001,England,nation,2020-09-27,4800,6024,42,16
E92000001,England,nation,2020-09-26,4639,5650,35,30
E92000001,England,nation,2020-09-25,5723,6038,29,31
E92000001,England,nation,2020-09-24,5632,6288,33,37
E92000001,England,nation,2020-09-23,5083,5887,52,33
E92000001,England,nation,2020-09-22,4187,5359,34,36
E92000001,England,nation,2020-09-21,3754,4698,24,9
E92000001,England,nation,2020-09-20,3279,4624,28,18
E92000001,England,nation,2020-09-19,3638,4179,18,22
E92000001,England,nation,2020-09-18,3771,4272,21,23
E92000001,England,nation,2020-09-17,2788,3937,24,18
E92000001,England,nation,2020-09-16,3396,3743,22,17
E92000001,England,nation,2020-09-15,2649,3039,15,25
E92000001,England,nation,2020-09-14,2259,2895,17,7
E92000001,England,nation,2020-09-13,2837,1708,14,5
E92000001,England,nation,2020-09-12,3008,2206,18,9
E92000001,England,nation,2020-09-11,3143,2856,10,6
E92000001,England,nation,2020-09-10,2578,3099,12,13
E92000001,England,nation,2020-09-09,2286,2851,9,8
E92000001,England,nation,2020-09-08,2094,3000,9,27
E92000001,England,nation,2020-09-07,2528,3462,13,2
E92000001,England,nation,2020-09-06,2576,2057,8,2
E92000001,England,nation,2020-09-05,1477,2189,12,11
E92000001,England,nation,2020-09-04,1669,2591,6,9
E92000001,England,nation,2020-09-03,1507,2666,6,11
E92000001,England,nation,2020-09-02,1239,2615,8,7
E92000001,England,nation,2020-09-01,1041,1928,2,2
E92000001,England,nation,2020-08-31,1149,1260,7,2
E92000001,England,nation,2020-08-30,1487,977,6,1
E92000001,England,nation,2020-08-29,891,1041,5,12
E92000001,England,nation,2020-08-28,1106,1383,8,9
E92000001,England,nation,2020-08-27,1350,1325,8,10
E92000001,England,nation,2020-08-26,875,1136,11,13
E92000001,England,nation,2020-08-25,1065,1061,11,16
E92000001,England,nation,2020-08-24,758,1132,5,3
E92000001,England,nation,2020-08-23,938,696,13,4
E92000001,England,nation,2020-08-22,1060,716,6,17
E92000001,England,nation,2020-08-21,908,1006,7,2
E92000001,England,nation,2020-08-20,1035,1218,8,6
E92000001,England,nation,2020-08-19,707,1073,2,15
E92000001,England,nation,2020-08-18,975,924,7,11
E92000001,England,nation,2020-08-17,634,1136,12,3
E92000001,England,nation,2020-08-16,952,529,4,3
E92000001,England,nation,2020-08-15,934,644,11,2
E92000001,England,nation,2020-08-14,1284,1038,6,10
E92000001,England,nation,2020-08-13,1059,1020,7,18
E92000001,England,nation,2020-08-12,925,1094,6,15
E92000001,England,nation,2020-08-11,1035,1211,10,11
E92000001,England,nation,2020-08-10,699,1350,11,17
E92000001,England,nation,2020-08-09,988,555,8,5
E92000001,England,nation,2020-08-08,679,636,11,2
E92000001,England,nation,2020-08-07,796,866,7,5
E92000001,England,nation,2020-08-06,826,980,9,15
E92000001,England,nation,2020-08-05,804,942,3,12
E92000001,England,nation,2020-08-04,617,920,10,17
E92000001,England,nation,2020-08-03,856,938,14,1
E92000001,England,nation,2020-08-02,676,513,8,2
E92000001,England,nation,2020-08-01,722,494,9,11
E92000001,England,nation,2020-07-31,814,627,10,14
E92000001,England,nation,2020-07-30,812,858,8,0
E92000001,England,nation,2020-07-29,700,973,8,29
E92000001,England,nation,2020-07-28,547,779,10,21
E92000001,England,nation,2020-07-27,616,809,10,3
E92000001,England,nation,2020-07-26,721,515,14,7
E92000001,England,nation,2020-07-25,710,493,13,15
E92000001,England,nation,2020-07-24,688,718,6,32
E92000001,England,nation,2020-07-23,702,731,16,9
E92000001,England,nation,2020-07-22,519,745,16,16
E92000001,England,nation,2020-07-21,399,690,19,25
E92000001,England,nation,2020-07-20,535,753,12,10
E92000001,England,nation,2020-07-19,672,414,14,10
E92000001,England,nation,2020-07-18,796,466,14,9
E92000001,England,nation,2020-07-17,635,548,18,25
E92000001,England,nation,2020-07-16,597,641,12,23
E92000001,England,nation,2020-07-15,506,725,20,24
E92000001,England,nation,2020-07-14,372,650,20,42
E92000001,England,nation,2020-07-13,497,687,22,8
E92000001,England,nation,2020-07-12,615,353,12,9
E92000001,England,nation,2020-07-11,806,419,20,16
E92000001,England,nation,2020-07-10,480,519,21,34
E92000001,England,nation,2020-07-09,617,683,35,29
E92000001,England,nation,2020-07-08,606,672,23,52
E92000001,England,nation,2020-07-07,572,559,26,50
E92000001,England,nation,2020-07-06,331,657,33,11
E92000001,England,nation,2020-07-05,492,541,24,18
E92000001,England,nation,2020-07-04,579,386,31,27
E92000001,England,nation,2020-07-03,502,540,26,45
E92000001,England,nation,2020-07-02,523,564,40,31
E92000001,England,nation,2020-07-01,177,617,22,90
E92000001,England,nation,2020-06-30,196,573,43,47
E92000001,England,nation,2020-06-29,99,667,34,17
E92000001,England,nation,2020-06-28,142,410,42,28
E92000001,England,nation,2020-06-27,192,504,39,34
E92000001,England,nation,2020-06-26,175,642,37,76
E92000001,England,nation,2020-06-25,261,635,58,91
E92000001,England,nation,2020-06-24,107,726,67,74
E92000001,England,nation,2020-06-23,210,729,61,84
E92000001,England,nation,2020-06-22,178,815,58,13
E92000001,England,nation,2020-06-21,215,549,47,30
E92000001,England,nation,2020-06-20,324,628,54,67
E92000001,England,nation,2020-06-19,323,818,47,73
E92000001,England,nation,2020-06-18,281,942,57,60
E92000001,England,nation,2020-06-17,252,910,54,90
E92000001,England,nation,2020-06-16,252,991,69,106
E92000001,England,nation,2020-06-15,219,936,61,25
E92000001,England,nation,2020-06-14,292,743,76,23
E92000001,England,nation,2020-06-13,372,790,52,94
E92000001,England,nation,2020-06-12,392,944,73,117
E92000001,England,nation,2020-06-11,304,913,71,64
E92000001,England,nation,2020-06-10,63,1080,97,143
E92000001,England,nation,2020-06-09,651,1053,85,179
E92000001,England,nation,2020-06-08,92,991,112,44
E92000001,England,nation,2020-06-07,228,665,113,49
E92000001,England,nation,2020-06-06,422,725,98,126
E92000001,England,nation,2020-06-05,451,1023,109,239
E92000001,England,nation,2020-06-04,431,1144,121,112
E92000001,England,nation,2020-06-03,462,1237,138,218
E92000001,England,nation,2020-06-02,444,1348,155,228
E92000001,England,nation,2020-06-01,294,1314,122,79
E92000001,England,nation,2020-05-31,320,986,112,39
E92000001,England,nation,2020-05-30,715,997,145,117
E92000001,England,nation,2020-05-29,560,1372,163,246
E92000001,England,nation,2020-05-28,519,1568,182,315
E92000001,England,nation,2020-05-27,609,1610,170,396
E92000001,England,nation,2020-05-26,492,1450,189,105
E92000001,England,nation,2020-05-25,494,1375,175,86
E92000001,England,nation,2020-05-24,584,1200,169,362
E92000001,England,nation,2020-05-23,979,1302,200,197
E92000001,England,nation,2020-05-22,1083,1791,195,257
E92000001,England,nation,2020-05-21,854,2268,201,220
E92000001,England,nation,2020-05-20,824,2342,234,259
E92000001,England,nation,2020-05-19,857,2582,231,447
E92000001,England,nation,2020-05-18,816,2205,253,134
E92000001,England,nation,2020-05-17,788,1588,223,43
E92000001,England,nation,2020-05-16,1136,1767,268,348
E92000001,England,nation,2020-05-15,1112,2129,269,280
E92000001,England,nation,2020-05-14,1189,2210,277,303
E92000001,England,nation,2020-05-13,1146,2884,256,362
E92000001,England,nation,2020-05-12,1067,2918,275,539
E92000001,England,nation,2020-05-11,891,3061,260,174
E92000001,England,nation,2020-05-10,1007,2002,300,190
E92000001,England,nation,2020-05-09,1349,1794,330,226
E92000001,England,nation,2020-05-08,1694,2621,330,498
E92000001,England,nation,2020-05-07,2133,3203,399,377
E92000001,England,nation,2020-05-06,1611,3260,390,529
E92000001,England,nation,2020-05-05,1842,3136,392,639
E92000001,England,nation,2020-05-04,1485,2841,412,247
E92000001,England,nation,2020-05-03,2019,2633,388,222
E92000001,England,nation,2020-05-02,2228,2742,424,485
E92000001,England,nation,2020-05-01,2501,4084,479,623
E92000001,England,nation,2020-04-30,2484,4309,484,543
E92000001,England,nation,2020-04-29,1403,4728,494,604
E92000001,England,nation,2020-04-28,1989,4106,499,862
E92000001,England,nation,2020-04-27,2264,4026,506,289
E92000001,England,nation,2020-04-26,2152,3133,560,327
E92000001,England,nation,2020-04-25,2826,3371,555,729
E92000001,England,nation,2020-04-24,3004,4350,603,821
E92000001,England,nation,2020-04-23,3084,4559,594,594
E92000001,England,nation,2020-04-22,3020,4795,643,725
E92000001,England,nation,2020-04-21,3087,3976,650,1116
E92000001,England,nation,2020-04-20,2401,3675,685,536
E92000001,England,nation,2020-04-19,3607,3469,687,380
E92000001,England,nation,2020-04-18,3548,4103,706,1004
E92000001,England,nation,2020-04-17,3985,4067,742,826
E92000001,England,nation,2020-04-16,3118,4344,755,906
E92000001,England,nation,2020-04-15,3188,4216,782,730
E92000001,England,nation,2020-04-14,3854,3543,769,1007
E92000001,England,nation,2020-04-13,2999,3431,805,694
E92000001,England,nation,2020-04-12,3672,2939,857,604
E92000001,England,nation,2020-04-11,3841,3057,864,745
E92000001,England,nation,2020-04-10,4263,3578,850,1035
E92000001,England,nation,2020-04-09,3798,4058,873,990
E92000001,England,nation,2020-04-08,4788,4283,975,922
E92000001,England,nation,2020-04-07,2978,4565,910,1009
E92000001,England,nation,2020-04-06,3176,4368,806,531
E92000001,England,nation,2020-04-05,5107,3076,829,578
E92000001,England,nation,2020-04-04,2910,3380,839,689
E92000001,England,nation,2020-04-03,3576,4079,743,654
E92000001,England,nation,2020-04-02,3583,4061,732,603
E92000001,England,nation,2020-04-01,3630,4120,698,613
E92000001,England,nation,2020-03-31,2414,3784,602,368
E92000001,England,nation,2020-03-30,2107,3515,542,353
E92000001,England,nation,2020-03-29,2060,2438,464,195
E92000001,England,nation,2020-03-28,2139,2369,384,279
E92000001,England,nation,2020-03-27,2506,2650,374,271
E92000001,England,nation,2020-03-26,1809,2609,337,169
E92000001,England,nation,2020-03-25,1130,2255,278,178
E92000001,England,nation,2020-03-24,1258,2026,219,143
E92000001,England,nation,2020-03-23,793,2010,173,67
E92000001,England,nation,2020-03-22,535,1206,153,24
E92000001,England,nation,2020-03-21,873,1031,116,54
E92000001,England,nation,2020-03-20,628,1087,102,32
E92000001,England,nation,2020-03-19,574,927,67,42
E92000001,England,nation,2020-03-18,625,908,67,33
E92000001,England,nation,2020-03-17,361,681,50,15
E92000001,England,nation,2020-03-16,97,544,43,22
E92000001,England,nation,2020-03-15,253,396,32,14
E92000001,England,nation,2020-03-14,201,315,20,18
E92000001,England,nation,2020-03-13,159,392,16,1
E92000001,England,nation,2020-03-12,99,414,12,2
E92000001,England,nation,2020-03-11,63,353,8,0
E92000001,England,nation,2020-03-10,46,227,3,4
E92000001,England,nation,2020-03-09,40,125,5,1
E92000001,England,nation,2020-03-08,58,50,3,0
E92000001,England,nation,2020-03-07,39,55,0,1
E92000001,England,nation,2020-03-06,39,73,0,1
E92000001,England,nation,2020-03-05,25,46,3,
E92000001,England,nation,2020-03-04,32,49,0,
E92000001,England,nation,2020-03-03,11,53,2,
E92000001,England,nation,2020-03-02,4,38,1,
E92000001,England,nation,2020-03-01,12,20,,
E92000001,England,nation,2020-02-29,3,5,,
E92000001,England,nation,2020-02-28,5,11,,
E92000001,England,nation,2020-02-27,0,7,,
E92000001,England,nation,2020-02-26,0,4,,
E92000001,England,nation,2020-02-25,0,5,,
E92000001,England,nation,2020-02-24,4,2,,
E92000001,England,nation,2020-02-23,0,1,,
E92000001,England,nation,2020-02-22,0,0,,
E92000001,England,nation,2020-02-21,0,1,,
E92000001,England,nation,2020-02-20,0,0,,
E92000001,England,nation,2020-02-19,0,0,,
E92000001,England,nation,2020-02-18,0,0,,
E92000001,England,nation,2020-02-17,0,0,,
E92000001,England,nation,2020-02-16,0,0,,
E92000001,England,nation,2020-02-15,0,0,,
E92000001,England,nation,2020-02-14,0,0,,
E92000001,England,nation,2020-02-13,1,0,,
E92000001,England,nation,2020-02-12,0,0,,
E92000001,England,nation,2020-02-11,0,1,,
E92000001,England,nation,2020-02-10,4,0,,
E92000001,England,nation,2020-02-09,1,1,,
E92000001,England,nation,2020-02-08,0,4,,
E92000001,England,nation,2020-02-07,0,0,,
E92000001,England,nation,2020-02-06,1,0,,
E92000001,England,nation,2020-02-05,0,1,,
E92000001,England,nation,2020-02-04,0,0,,
E92000001,England,nation,2020-02-03,0,0,,
E92000001,England,nation,2020-02-02,0,0,,
E92000001,England,nation,2020-02-01,0,0,,
E92000001,England,nation,2020-01-31,2,0,,
E92000001,England,nation,2020-01-30,,2,,
